date,trades_count,total_notional,avg_notional,median_notional,realized_pnl,avg_pnl,pnl_std,pnl_5pct,win_rate,avg_leverage,median_leverage,buy_ratio,sentiment_value,sentiment_label
2023-05-01,3,477.0,159.0,156.39,0.0,0.0,0.0,0.0,0.0,0.35025112344699977,,1.0,63.0,Greed
2023-12-05,9,50005.83,5556.203333333334,1935.95,0.0,0.0,0.0,0.0,0.0,8.914171880849244,,0.7777777777777778,75.0,Greed
2023-12-14,11,113203.35,10291.213636363636,8677.28,-205.43473700000007,-18.675885181818188,179.66353383090035,-263.61656500000004,0.36363636363636365,16.510851333809782,,0.45454545454545453,72.0,Greed
2023-12-15,2,10609.95,5304.975,5304.975,-24.632033999999997,-12.316016999999999,4.474304424985184,-15.1634469,0.0,8.511110219797851,,1.0,70.0,Greed
2023-12-16,3,15348.77,5116.256666666667,4680.14,0.0,0.0,0.0,0.0,0.0,8.208337344243008,,1.0,67.0,Greed
2023-12-17,14,116278.02,8305.572857142857,5368.02,304.982785,21.78448464285714,43.51261683426808,-10.991368600000001,0.5,13.325161009374069,,0.21428571428571427,73.0,Greed
2023-12-18,2,31164.179999999997,15582.089999999998,15582.089999999998,0.0,0.0,0.0,0.0,0.0,24.999342210813413,,1.0,65.0,Greed
2023-12-19,15,91602.41,6106.827333333334,4728.67,1000.5386120000001,66.70257413333334,183.73537011741135,0.0,0.6666666666666666,9.797573132253062,,0.3333333333333333,73.0,Greed
2023-12-20,18,141636.79,7868.710555555556,7686.9349999999995,162.732282,9.040682333333333,21.3481314287044,0.0,0.4444444444444444,12.62427491666221,,0.5555555555555556,74.0,Greed
2023-12-21,49,125233.97,2555.795306122449,2182.45,537.211402,10.963498000000001,20.811624735703514,0.0,0.5306122448979592,4.100425647557274,,0.4489795918367347,70.0,Greed
2023-12-22,10,88874.28,8887.428,6114.275,141.832675,14.1832675,40.92671758278208,0.0,0.2,14.258668377988126,,0.8,74.0,Greed
2023-12-23,13,78438.25,6033.711538461538,6083.83,146.936704,11.302823384615383,11.478402785910806,0.0,0.6153846153846154,9.680268792654482,,0.38461538461538464,70.0,Greed
2023-12-24,39,402954.94,10332.177948717948,4574.53,1008.619956,25.862050153846155,52.267012077476366,-0.006749999999999991,0.38461538461538464,16.5765729964992,,0.5384615384615384,71.0,Greed
2023-12-25,3,59948.51,19982.836666666666,29078.9,-245.081348,-81.69378266666666,141.49778224115633,-220.5732132,0.0,32.059741162629024,,0.6666666666666666,73.0,Greed
2023-12-27,28,171411.06,6121.823571428571,5424.15,-704.8892269999999,-25.174615249999995,153.67464419092525,-268.6642584,0.14285714285714285,9.821632554834865,,0.5357142857142857,73.0,Greed
2023-12-28,23,100117.25,4352.923913043478,3907.89,-970.730876,-42.20569026086957,55.01514381004261,-155.998674,0.0,6.98367385375177,,0.43478260869565216,73.0,Greed
2023-12-29,50,569559.72,11391.1944,8627.21,508.92214299999995,10.178442859999999,78.11192586732814,-41.92839869999999,0.3,18.2756207283812,,0.62,65.0,Greed
2023-12-30,52,702550.21,13510.58096153846,4615.014999999999,354.998648,6.826897076923077,68.40190063585914,-15.525553999999996,0.4423076923076923,21.67588795369559,,0.38461538461538464,68.0,Greed
2024-01-01,18,264239.52999999997,14679.973888888888,9216.095000000001,-129.53146,-7.196192222222223,85.84776860469921,-99.49630749999999,0.05555555555555555,23.552019715849337,,0.5555555555555556,65.0,Greed
2024-01-02,17,121348.74,7138.1611764705885,2439.38,783.979116,46.11641858823529,134.42834386429288,-50.55884419999999,0.47058823529411764,11.452207887807779,,0.5294117647058824,71.0,Greed
2024-01-03,67,394499.36,5888.050149253731,2102.78,866.015507,12.925604582089552,50.415365667933756,-6.8945194999999995,0.417910447761194,9.446574922595431,,0.47761194029850745,70.0,Greed
2024-01-04,5,99792.54000000001,19958.508,3335.99,-67.60364,-13.520728,29.544005214373353,-53.322987999999995,0.0,32.020709128830426,,0.4,68.0,Greed
2024-01-05,66,1703942.66,25817.31303030303,4257.8,164.141565,2.486993409090909,60.7235758141571,-14.374695499999998,0.19696969696969696,41.420364239215516,,0.4696969696969697,72.0,Greed
2024-01-06,22,298521.4,13569.154545454547,7353.530000000001,135.58166400000002,6.16280290909091,37.338371573804935,-7.98,0.45454545454545453,21.7698612954509,,0.5,70.0,Greed
2024-01-07,97,1048850.06,10812.887216494846,3003.94,-835.681235,-8.615270463917525,34.037905927281535,-53.4958678,0.09278350515463918,17.347805577562724,,0.5360824742268041,71.0,Greed
2024-01-08,128,1522452.43,11894.159609375,1850.245,-269.874439,-2.1083940546875,122.41963598502315,-59.638204349999995,0.25,19.082559938031448,,0.3125,71.0,Greed
2024-01-09,70,870051.97,12429.313857142857,5087.139999999999,-826.349863,-11.804998042857143,214.1803231936485,-46.70457765,0.2571428571428571,19.941142077880404,,0.4,76.0,Greed
2024-01-10,193,2057479.48,10660.515440414507,1901.0,-1517.091342,-7.860576901554404,119.7894328095249,-90.94179599999994,0.21243523316062177,17.103345805253504,,0.47668393782383417,73.0,Greed
2024-01-11,21,305314.1,14538.766666666666,5005.45,-164.08950099999998,-7.813785761904761,101.92627878710132,-50.23381,0.23809523809523808,24.640228775432245,,0.6190476190476191,76.0,Greed
2024-01-12,7,200082.27,28583.181428571428,43745.48,-1925.519024,-275.0741462857143,669.9280140108323,-1293.6576848,0.0,45.8578235658133,,0.7142857142857143,71.0,Greed
2024-01-15,14,50636.1,3616.8642857142854,19.93,152.85358,10.918112857142857,33.645786328134285,0.0,0.6428571428571429,5.8296916992768475,,0.35714285714285715,52.0,Neutral
2024-01-16,9,116427.33,12936.37,6156.75,-2299.171458,-255.4634953333333,883.8757688873994,-1755.4814207999998,0.3333333333333333,24.976015220372794,,0.4444444444444444,64.0,Greed
2024-01-17,53,800831.03,15110.019433962265,2721.9,813.2741110000001,15.344794547169812,75.6265391448607,-16.1488248,0.20754716981132076,24.241969250701533,,0.5849056603773585,60.0,Greed
2024-01-18,46,424631.52999999997,9231.120217391304,1999.3,68.93319,1.4985476086956522,39.503091785872144,-4.0063625,0.06521739130434782,14.810075753876632,,0.391304347826087,63.0,Greed
2024-01-19,48,428428.97,8925.603541666665,2387.175,-385.419235,-8.029567395833334,51.79852685525565,-76.0607015,0.125,14.33212982182978,,0.6458333333333334,51.0,Neutral
2024-01-20,106,1070090.51,10095.193490566038,2167.14,-146.57487000000003,-1.3827817924528305,38.554282761934644,-8.01324,0.14150943396226415,16.19636369415376,,0.5660377358490566,52.0,Neutral
2024-01-21,11,103129.74,9375.43090909091,1874.99,266.58114600000005,24.234649636363642,65.56080670770307,-22.800600000000003,0.2727272727272727,15.041602613654597,,0.2727272727272727,56.0,Greed
2024-01-22,85,337878.99,3975.0469411764707,378.43,1375.640959,16.18401128235294,80.41613478472654,-40.7562,0.27058823529411763,6.621466733749883,,0.6,55.0,Greed
2024-01-23,45,414518.93000000005,9211.531777777778,1998.5,-369.2447299999998,-8.20543844444444,613.9643726523253,-1.5693494,0.24444444444444444,14.778648769096389,,0.7333333333333333,50.0,Neutral
2024-01-24,68,965084.59,14192.42044117647,3541.8199999999997,-2808.353815,-41.29932080882353,149.8053621490879,-330.8524443,0.14705882352941177,22.769806579779356,,0.39705882352941174,48.0,Neutral
2024-01-25,6,66566.13,11094.355000000001,10380.835,-3093.6293849999997,-515.6048975,356.6379016697523,-939.67629875,0.0,17.799382319910155,,0.0,52.0,Neutral
2024-01-26,5,11773.21,2354.642,1609.05,90.2,18.04,40.33866631409621,0.0,0.2,4.488519130167394,,0.8,49.0,Neutral
2024-01-28,11,18109.03,1646.2754545454545,498.51,-2478.06972,-225.27906545454545,262.6842407250483,-661.514679,0.0,3.6264769022500976,,0.0,54.0,Neutral
2024-01-29,74,414208.18,5597.407837837838,1720.085,486.562542,6.5751694864864865,28.607026832226527,0.0,0.6081081081081081,8.991014169215763,,0.28378378378378377,55.0,Greed
2024-01-30,49,401011.38,8183.905714285715,2497.98,-173.65419100000003,-3.5439630816326537,55.423048103905174,-94.0661576,0.10204081632653061,13.129962641241319,,0.5714285714285714,61.0,Greed
2024-01-31,859,6305647.13,7340.683504074505,1055.29,-799.840817,-0.93113017112922,21.84950915114784,-5.7591763999999985,0.2689173457508731,11.777127393028247,,0.5471478463329453,60.0,Greed
2024-02-01,6,2008.18,334.69666666666666,252.115,0.0,0.0,0.0,0.0,0.0,0.5369752393176106,,1.0,63.0,Greed
2024-02-02,42,474278.43,11292.343571428572,3708.865,456.423473,10.867225547619048,41.93124714430262,-9.7611513,0.30952380952380953,18.117028030528754,,0.4523809523809524,63.0,Greed
2024-02-03,56,603820.0,10782.5,3788.38,223.30918699999998,3.9876640535714283,68.62663189543068,-22.57382375,0.10714285714285714,17.299053425316863,,0.32142857142857145,60.0,Greed
2024-02-04,35,203187.53,5805.358,2314.37,47.62389499999999,1.360682714285714,31.922762604224417,-25.951556999999998,0.2571428571428571,9.313906626022783,,0.5428571428571428,60.0,Greed
2024-02-05,72,770198.26,10697.198055555556,3621.485,-33.45419400000003,-0.4646415833333337,46.10792460482958,-76.8926115,0.19444444444444445,17.16219806763285,,0.4583333333333333,60.0,Greed
2024-02-06,1088,8047153.41,7396.280707720588,2164.67,-215.615907,-0.19817638511029412,12.69131338108202,-9.57163095,0.1645220588235294,11.8663255378158,,0.47610294117647056,64.0,Greed
2024-02-07,15,6758.73,450.582,337.68,241.24212,16.082808,56.54657345272468,0.0,0.13333333333333333,0.7228974811487245,,0.4666666666666667,62.0,Greed
2024-02-08,10,26051.12,2605.112,2084.025,770.756024,77.07560240000001,139.74567826297627,0.0,0.4,4.179547569388737,,0.2,66.0,Greed
2024-02-11,34,212311.82,6244.465294117647,710.625,983.443176,28.924799294117648,108.62231864377547,0.0,0.20588235294117646,10.018394503638133,,0.6764705882352942,71.0,Greed
2024-02-12,16,227247.69999999998,14202.981249999999,6349.635,913.8817869999998,57.11761168749999,828.6571214700353,-968.353386,0.375,22.786749959890905,,0.6875,70.0,Greed
2024-02-13,14,1999.99,142.85642857142858,105.08500000000001,559.44389,39.960277857142856,37.98023035380744,5.7924095,1.0,0.2291936925580436,,0.0,79.0,Greed
2024-02-14,111,320839.88,2890.4493693693694,1036.85,3830.599833,34.509908405405405,46.39591290180694,0.0,0.7477477477477478,5.391943885738153,,0.3063063063063063,74.0,Greed
2024-02-15,63,185188.04,2939.4926984126987,500.09,1840.797677,29.219010746031746,316.49357810076214,0.0,0.9047619047619048,5.181904042631055,,0.8253968253968254,72.0,Greed
2024-02-16,182,564896.51,3103.826978021978,1000.93,5491.768834,30.174554032967034,123.4402416266129,0.0,0.8021978021978022,5.958920662404535,,0.6318681318681318,72.0,Greed
2024-02-17,94,406118.07,4320.405,1539.9299999999998,1929.6418,20.52810425531915,60.99818527497303,0.0,0.648936170212766,7.75812694043842,,0.5319148936170213,76.0,Greed
2024-02-18,97,157048.17,1619.0532989690723,818.29,477.6248299999999,4.923967319587628,82.70537448739243,-65.06863999999995,0.6288659793814433,3.2192418407513417,,0.3917525773195876,72.0,Greed
2024-02-19,101,286377.2,2835.417821782178,821.13,4317.768563,42.750183792079206,118.65122386431476,0.0,0.7623762376237624,5.44769510702263,,0.40594059405940597,75.0,Greed
2024-02-20,39,119419.72,3062.0441025641026,746.26,3263.628824,83.68279035897436,192.32028933388216,0.0,0.7948717948717948,6.071570928600872,,0.3333333333333333,72.0,Greed
2024-02-21,22,108047.51999999999,4911.250909090909,2684.1549999999997,1858.7985700000002,84.49084409090909,124.40293552909927,0.0,0.6818181818181818,9.59064118386698,,0.3181818181818182,78.0,Greed
2024-02-22,88,373033.87,4239.02125,2121.165,3894.1050699999996,44.25119397727272,227.58249822355432,-83.47617125,0.45454545454545453,8.406830518840211,,0.3977272727272727,74.0,Greed
2024-02-23,143,111106.14,776.966013986014,311.5,1418.55293,9.91995055944056,13.037213323027334,0.27636,0.958041958041958,1.5448790368162846,,0.916083916083916,76.0,Greed
2024-02-25,5,4480.13,896.0260000000001,814.82,-30.7705,-6.1541,8.951179489427636,-17.946602,0.0,1.781611755115026,,0.4,74.0,Greed
2024-02-26,39,192187.14,4927.875384615385,769.83,4416.8473,113.25249487179488,224.52232628850106,0.0,0.8717948717948718,9.793409958872745,,0.6923076923076923,72.0,Greed
2024-02-27,63,209362.3,3323.2111111111108,666.0,888.511733,14.103360841269842,91.69654366328295,-105.35790999999999,0.4126984126984127,6.591998447566139,,0.5238095238095238,79.0,Greed
2024-02-28,45,171107.13,3802.380666666667,2004.02,2503.747235,55.63882744444444,130.75309252773027,0.0,0.8666666666666667,7.560457054991086,,0.6888888888888889,82.0,Greed
2024-02-29,116,395666.73,3410.9200862068965,1159.15,9813.996992,84.60342234482759,149.76818963391887,0.0,0.8620689655172413,6.699914191351436,,0.5172413793103449,80.0,Greed
2024-03-01,137,472974.7,3452.370072992701,1000.87,8244.241409,60.176944591240876,111.95860869453276,0.0,0.9343065693430657,6.864514093398088,,0.27007299270072993,80.0,Greed
2024-03-02,31,63197.56,2038.6309677419354,269.86,230.90060000000005,7.448406451612905,250.64780257055287,-319.4304885,0.6774193548387096,4.017045093019517,,0.9032258064516129,80.0,Greed
2024-03-03,79,390745.68,4946.1478481012655,805.5,8361.086245,105.83653474683545,199.82398269178753,0.0,0.6835443037974683,9.834664561869973,,0.45569620253164556,83.0,Greed
2024-03-04,300,1577996.87,5259.989566666667,902.695,27799.775742,92.66591914,152.8211043688667,0.0,0.8866666666666667,10.45385721035553,,0.5366666666666666,82.0,Greed
2024-03-05,180,841810.32,4676.724,1247.5749999999998,19791.026041,109.95014467222222,195.65804028577477,0.0,0.9055555555555556,9.29895611715348,,0.3055555555555556,90.0,Greed
2024-03-06,82,327218.02,3990.4636585365856,1942.915,6814.825139,83.10762364634145,146.9693030530839,0.0,0.8780487804878049,7.934431548200714,,0.5975609756097561,75.0,Greed
2024-03-08,67,183583.18,2740.047462686567,482.56,4271.886236,63.7594960597015,148.75855367571137,0.0,0.8805970149253731,5.448168657042864,,0.2835820895522388,81.0,Greed
2024-03-09,117,658178.75,5625.459401709401,943.3,9949.501624,85.03847541880343,154.56552113291943,-10.73616,0.8290598290598291,11.185372520448972,,0.7094017094017094,84.0,Greed
2024-03-10,42,219973.85,5237.472619047619,1103.9299999999998,2482.9272,59.117314285714286,207.7542700001469,-35.4199,0.6904761904761905,10.41391966883586,,0.9047619047619048,79.0,Greed
2024-03-11,42,176519.44999999998,4202.844047619047,480.955,3588.179495,85.43284511904761,196.10462239183906,0.03341250000000018,0.9285714285714286,8.356717729344139,,0.2857142857142857,82.0,Greed
2024-03-12,8,103040.85,12880.10625,7729.5,3039.166,379.89575,521.6006618377291,1.846845,0.875,25.61013709661384,,0.125,81.0,Greed
2024-03-13,7,6000.799999999999,857.2571428571428,279.45,0.0,0.0,0.0,0.0,0.0,0.11054051156486445,,1.0,81.0,Greed
2024-03-14,18,205933.18,11440.732222222221,5191.215,3465.865832,192.5481017777778,254.30826281723253,0.0,0.8888888888888888,22.121512981904253,,0.1111111111111111,88.0,Greed
2024-03-15,62,351894.41,5675.71629032258,2194.39,6236.513651,100.58892985483871,195.43403376403242,0.0,0.6612903225806451,10.025228548073311,,0.41935483870967744,83.0,Greed
2024-03-16,8,37223.66,4652.9575,4499.3150000000005,228.57984,28.57248,80.815177453268,0.0,0.125,2.44425510381892,,0.625,81.0,Greed
2024-03-17,23,99506.95,4326.389130434783,2500.46,503.293955,21.882345869565217,43.52556412856168,0.0,0.43478260869565216,1.438602621461018,,0.782608695652174,79.0,Greed
2024-03-18,19,90458.08,4760.951578947369,2129.39,1456.9577,76.68198421052631,275.58147845163944,0.0,0.3157894736842105,6.033510906804393,,0.6842105263157895,77.0,Greed
2024-03-19,24,219884.84,9161.868333333334,3513.345,668.797973,27.86658220833333,103.69610917201797,-22.886079999999996,0.20833333333333334,17.037243870853,,0.7083333333333334,79.0,Greed
2024-03-20,69,215705.85,3126.171739130435,577.73,6423.134599,93.08890723188406,320.69467412818193,0.0,0.8695652173913043,5.8188927316735155,,0.42028985507246375,74.0,Greed
2024-03-21,28,117895.57,4210.556071428572,784.65,2335.5080749999997,83.41100267857142,153.73594964500796,0.0,0.8214285714285714,7.584495623699833,,0.9285714285714286,78.0,Greed
2024-03-24,19,92592.20999999999,4873.274210526315,2583.98,1297.018477,68.26413036842105,84.64288646631248,0.0,0.7894736842105263,9.68976639000719,,0.7894736842105263,74.0,Greed
2024-03-25,7,57116.32,8159.4742857142855,6216.8,1302.916428,186.13091828571427,173.14631124356953,13.942743300000002,0.8571428571428571,1.0521375869054956,,0.0,75.0,Greed
2024-03-26,118,198565.19,1682.7558474576272,500.84,3215.906593,27.253445703389833,39.504335702364344,0.0,0.9322033898305084,2.9679365783380365,,0.06779661016949153,81.0,Greed
2024-03-27,38,99864.79,2628.020789473684,1020.78,150.41114,3.9581878947368416,13.739361367709469,-6.493434999999999,0.3157894736842105,0.9651353357118757,,0.5,83.0,Greed
2024-03-28,13,35323.72,2717.209230769231,514.96,227.85100799999998,17.527000615384615,21.04651492781009,0.0,0.6923076923076923,2.54015384222861,,0.9230769230769231,80.0,Greed
2024-03-29,15,86914.37,5794.291333333333,3016.76,883.097404,58.873160266666666,95.5086831563824,0.0,0.4,0.7471549621713256,,0.6,79.0,Greed
2024-03-30,45,101103.92,2246.753777777778,496.19,1100.57514,24.45722533333333,52.44350104198017,0.31875,0.9777777777777777,4.4673290075711884,,0.022222222222222223,75.0,Greed
2024-03-31,13,39912.96,3070.2276923076925,544.17,912.786145,70.21431884615384,112.05139600499244,0.0,0.7692307692307693,0.3958958435705471,,0.0,75.0,Greed
2024-04-01,77,339470.47,4408.7074025974025,1041.48,2507.963406,32.57095332467532,92.06770180124278,0.0,0.5454545454545454,5.506311064397262,,0.4155844155844156,79.0,Greed
2024-04-02,41,239664.50999999998,5845.475853658536,3300.9,883.760812,21.555141756097562,78.23542802217051,0.0,0.2926829268292683,1.2935378364091643,,0.24390243902439024,79.0,Greed
2024-04-03,4,16887.57,4221.8925,3443.955,126.7884,31.6971,63.3942,0.0,0.25,7.434664302132549,,0.75,71.0,Greed
2024-04-04,32,95987.73,2999.6165625,961.4749999999999,0.0,0.0,0.0,0.0,0.0,0.3867907687675529,,0.0,70.0,Greed
2024-04-05,100,503791.8,5037.918,623.395,10706.484306,107.06484306,304.1028007265851,0.0,0.9,6.709379053678674,,0.17,79.0,Greed
2024-04-06,16,68223.67,4263.979375,2257.3,236.33513399999998,14.770945874999999,42.149058574016486,0.0,0.25,0.549826228153199,,0.0,75.0,Greed
2024-04-07,23,49988.14,2173.397391304348,680.92,0.0,0.0,0.0,0.0,0.0,0.28025250237962795,,0.0,78.0,Greed
2024-04-08,30,211940.64,7064.688,2618.825,1218.4267,40.614223333333335,222.45326275219327,0.0,0.03333333333333333,3.934000228675974,,0.03333333333333333,76.0,Greed
2024-04-09,3,57063.840000000004,19021.280000000002,10184.23,0.0,0.0,0.0,0.0,0.0,2.4527319945223427,,0.0,80.0,Greed
2024-04-10,41,351735.97,8578.926097560974,3999.01,5207.443414,127.01081497560976,197.76893722954745,0.0,0.8780487804878049,1.1062245294812183,,0.975609756097561,78.0,Greed
2024-04-11,16,76400.96,4775.06,1892.385,389.743164,24.35894775,69.72639235953248,0.0,0.125,0.615728407224112,,0.875,76.0,Greed
2024-04-12,129,442088.59,3427.0433333333335,1030.72,-592.6458390000001,-4.594153790697676,122.96278242038903,-186.612816,0.5503875968992248,4.563097574191879,,0.3333333333333333,79.0,Greed
2024-04-13,89,486411.25,5465.294943820225,1412.88,6621.451755,74.3983343258427,185.05277424135176,0.0,0.6853932584269663,7.603791710892224,,0.5168539325842697,72.0,Greed
2024-04-14,107,659162.17,6160.394112149533,965.42,-36104.012520000004,-337.4206777570094,2139.677020173523,-811.4221935999998,0.308411214953271,2.017679156521256,,0.42990654205607476,72.0,Greed
2024-04-15,41,291111.19,7100.272926829269,1247.71,3774.08872,92.05094439024391,165.5095385447801,0.0,0.8536585365853658,11.849619949172155,,0.43902439024390244,74.0,Greed
2024-04-16,47,181907.17,3870.3653191489366,625.19,2467.702221,52.504302574468085,103.5102238356102,0.0,0.9148936170212766,7.696049874010926,,0.6595744680851063,65.0,Greed
2024-04-17,14,97562.99,6968.785000000001,1132.525,2441.4683999999997,174.39059999999998,232.6697853775852,10.525125,0.9285714285714286,13.856371662060326,,0.9285714285714286,67.0,Greed
2024-04-19,35,337257.92000000004,9635.940571428573,5756.8,1946.4454620000001,55.61272748571429,114.02941773198246,0.0,0.7714285714285715,1.2425230971237877,,0.14285714285714285,66.0,Greed
2024-04-20,22,60733.24,2760.601818181818,863.6500000000001,0.0,0.0,0.0,0.0,0.0,3.495722876699223,,0.9090909090909091,66.0,Greed
2024-04-22,9,47993.61,5332.623333333333,3419.55,0.0,0.0,0.0,0.0,0.0,0.6876243798736494,,0.0,73.0,Greed
2024-04-23,66,233054.9,3531.1348484848486,1119.55,1119.536196,16.962669636363636,69.72604971216398,0.0,0.5303030303030303,1.5934068664212104,,0.5606060606060606,71.0,Greed
2024-04-24,20,141275.24,7063.762,7452.825000000001,279.185907,13.95929535,47.020172247729526,-0.688696649999999,0.3,0.9108490626861669,,0.65,72.0,Greed
2024-04-25,74,120241.01,1624.8785135135136,69.68,0.0,0.0,0.0,0.0,0.0,1.1913879438317077,,1.0,72.0,Greed
2024-04-26,3,4988.290000000001,1662.7633333333335,659.98,0.0,0.0,0.0,0.0,0.0,2.667677415904594,,0.0,70.0,Greed
2024-04-27,27,154264.47,5713.498888888889,2928.15,4281.488139,158.57363477777778,205.65189595972714,0.0,0.7037037037037037,0.7367370400648975,,0.0,67.0,Greed
2024-04-28,58,43985.6,758.3724137931034,266.27,0.0,0.0,0.0,0.0,0.0,0.5298881956510226,,0.0,65.0,Greed
2024-04-29,45,108699.01,2415.5335555555553,339.56,526.9338359999999,11.709640799999999,34.303515225260476,0.0,0.37777777777777777,0.44996175723149034,,0.5333333333333333,67.0,Greed
2024-04-30,24,125018.75,5209.114583333333,2000.635,0.0,0.0,0.0,0.0,0.0,0.6716983295380011,,1.0,67.0,Greed
2024-05-01,14,87025.45,6216.103571428571,4871.745,0.0,0.0,0.0,0.0,0.0,0.8015462740103432,,1.0,54.0,Neutral
2024-05-03,36,282682.64999999997,7852.295833333333,1991.1950000000002,5306.017045,147.3893623611111,280.85451321791754,-0.17706075,0.4722222222222222,1.23365102197977,,0.08333333333333333,48.0,Neutral
2024-05-04,9,58998.75,6555.416666666667,3993.33,0.0,0.0,0.0,0.0,0.0,1.6648790534640803,,0.0,67.0,Greed
2024-05-05,6,24068.350000000002,4011.391666666667,251.54,0.916,0.15266666666666667,0.37395543406489856,0.0,0.16666666666666666,0.5427606584401405,,0.16666666666666666,69.0,Greed
2024-05-06,9,206016.43,22890.714444444442,14386.77,968.59038,107.62115333333333,237.64601629026436,0.0,0.4444444444444444,2.9516829411776504,,0.8888888888888888,71.0,Greed
2024-05-07,18,108717.58,6039.865555555556,3417.135,883.537693,49.08542738888889,57.79243416391551,0.0,0.5,1.5844565415377556,,0.3333333333333333,68.0,Greed
2024-05-08,13,65973.57,5074.89,1400.0,1.56576,0.12044307692307693,1.641780493282545,-1.2694559999999997,0.07692307692307693,0.6743261526030983,,0.9230769230769231,64.0,Greed
2024-05-09,28,221966.12,7927.361428571428,3673.55,1147.595856,40.985566285714285,92.95513364107583,0.0,0.39285714285714285,1.2843858541315438,,0.32142857142857145,55.0,Greed
2024-05-10,22,156882.0,7131.0,5012.195,2101.741695,95.53371340909092,240.61922882162773,0.0,0.2727272727272727,0.9195191834061024,,0.7272727272727273,66.0,Greed
2024-05-11,9,63248.95,7027.661111111111,1500.46,251.604742,27.956082444444444,38.73340875071258,0.374301,1.0,0.9061939708517335,,0.0,53.0,Neutral
2024-05-12,23,55179.56,2399.111304347826,999.93,0.0,0.0,0.0,0.0,0.0,0.9620641528235503,,0.7391304347826086,56.0,Greed
2024-05-13,28,193118.9,6897.103571428571,4028.75,2136.853859,76.31620925,243.34956677379947,0.0,0.35714285714285715,1.1514989986833826,,0.17857142857142858,57.0,Greed
2024-05-14,23,145853.4,6341.452173913043,3453.24,1150.5233050000002,50.02275239130436,172.16967241498202,0.0,0.17391304347826086,0.817709567320905,,1.0,66.0,Greed
2024-05-15,36,234922.57,6525.626944444444,6352.785,948.970582,26.360293944444447,49.856725134153635,0.0,0.4722222222222222,0.8414583030666687,,0.3055555555555556,64.0,Greed
2024-05-16,27,162620.96,6022.998518518518,1799.69,214.5898,7.94777037037037,22.074222982345514,0.0,0.18518518518518517,0.9864869359284677,,0.5185185185185185,70.0,Greed
2024-05-18,25,126303.14,5052.1256,4024.24,3522.3946610000003,140.89578644000002,227.39973415277277,0.0,0.64,0.6514551123512922,,0.28,73.0,Greed
2024-05-19,8,29998.09,3749.76125,3121.475,0.0,0.0,0.0,0.0,0.0,0.48351947869413064,,1.0,72.0,Greed
2024-05-20,10,38124.75,3812.475,2242.69,-74.818442,-7.4818442,17.723593661416892,-37.45092795,0.0,1.24721896527295,,0.7,70.0,Greed
2024-05-21,125,1100948.59,8807.588720000002,3269.31,7289.397571999999,58.31518057599999,423.27708989145884,-36.2556198,0.112,8.439858540042964,,0.232,76.0,Greed
2024-05-22,6,44995.29,7499.215,6795.495,0.0,0.0,0.0,0.0,0.0,0.9669993062665535,,0.0,76.0,Greed
2024-05-23,325,401850.6,1236.4633846153845,827.6,413.347329,1.2718379353846154,5.578175006741024,0.0,0.4461538461538462,2.3830383660706884,,0.5815384615384616,76.0,Greed
2024-05-24,2,50811.899999999994,25405.949999999997,25405.949999999997,821.949278,410.974639,255.14111984227185,248.6038246,1.0,40.76038825605647,,0.0,74.0,Greed
2024-05-25,16,29991.129999999997,1874.4456249999998,375.375,14.126038999999999,0.8828774374999999,1.5788774135169148,0.0,0.3125,3.1306077652228583,,0.4375,76.0,Greed
2024-05-26,16,53976.67,3373.541875,1034.19,778.6839,48.66774375,184.14441743928418,0.0,0.25,5.491891021748537,,0.125,75.0,Greed
2024-05-27,251,151115.72,602.0546613545816,499.86,1129.35587,4.499425776892431,10.695100246439745,0.0,0.35856573705179284,1.2042538331691435,,0.3705179282868526,74.0,Greed
2024-05-29,164,84268.76,513.8339024390243,249.45,277.791953,1.6938533719512194,4.9605585779682295,0.0,0.4146341463414634,1.0655524707743775,,0.40853658536585363,72.0,Greed
2024-05-30,7,2838.09,405.4414285714286,493.14,20.951433,2.9930618571428576,3.7577088098581393,0.0,0.7142857142857143,0.8109801747638288,,0.7142857142857143,73.0,Greed
2024-05-31,13,3636.14,279.70307692307694,221.93,25.35812,1.9506246153846154,3.8342365986890954,0.0,0.3076923076923077,0.5594732906410308,,0.3076923076923077,73.0,Greed
2024-06-01,25,12834.62,513.3848,333.0,91.510419,3.66041676,7.909299454844354,0.0,0.36,1.0268928271392568,,0.36,72.0,Greed
2024-06-02,93,29464.51,316.822688172043,221.94,192.906947,2.074268247311828,4.425015055071825,0.0,0.3655913978494624,0.6337214229148358,,0.3655913978494624,73.0,Greed
2024-06-03,70,21466.86,306.66942857142857,221.95,562.808208,8.040117257142859,11.849209775400267,0.0,0.6285714285714286,0.6134124666388538,,0.6285714285714286,73.0,Greed
2024-06-04,53,24243.41,457.42283018867926,340.43,52.211438,0.9851214716981133,2.4828445149485265,0.0,0.4716981132075472,0.9149554550319623,,0.4716981132075472,73.0,Greed
2024-06-05,54,25350.77,469.4587037037037,526.8299999999999,56.055506,1.038064925925926,2.9096994557928553,0.0,0.2962962962962963,0.9390300910183297,,0.3148148148148148,75.0,Greed
2024-06-06,234,137557.76,587.8536752136753,554.615,274.173187,1.1716802863247862,3.3659483181601715,0.0,0.42735042735042733,1.1758484522416195,,0.4358974358974359,78.0,Greed
2024-06-07,440,1098588.76,2496.7926363636366,468.885,8902.467416,20.23288049090909,103.25220050843622,0.0,0.4,1.6505131798344372,,0.4113636363636364,77.0,Greed
2024-06-08,29,97351.88,3356.961379310345,1887.13,129.13883900000002,4.453063413793104,13.610694021064663,0.0,0.27586206896551724,3.8108265589180803,,0.7241379310344828,72.0,Greed
2024-06-09,17,22410.22,1318.2482352941176,148.46,0.0,0.0,0.0,0.0,0.0,0.29237920679556817,,1.0,75.0,Greed
2024-06-10,53,46587.93,879.0175471698113,501.9,31.266804999999998,0.589939716981132,1.9665257227845954,0.0,0.33962264150943394,0.9108573973599994,,0.41509433962264153,72.0,Greed
2024-06-11,123,373279.92,3034.7960975609753,132.38,4320.631811,35.12708789430894,169.7310786091785,0.0,0.13821138211382114,1.6187187344833116,,0.926829268292683,74.0,Greed
2024-06-12,254,193407.96,761.4486614173228,553.405,-21886.531493,-86.16744682283463,276.1864377273308,-478.31194774999994,0.08267716535433071,1.5207095579509653,,0.452755905511811,72.0,Greed
2024-06-13,79,132577.22,1678.1926582278481,18.79,6632.757115,83.95895082278481,192.75704215520875,0.0,0.24050632911392406,2.692489848228473,,0.9620253164556962,70.0,Greed
2024-06-14,31,139868.66,4511.892258064517,1630.15,10258.592609,330.9223422258064,997.7044158485279,0.0,0.4838709677419355,2.5750204591780457,,1.0,74.0,Greed
2024-06-15,78,718350.25,9209.61858974359,4533.035,3369.958346,43.20459417948718,86.67556232059664,0.0,0.48717948717948717,3.5756948655705107,,0.11538461538461539,74.0,Greed
2024-06-16,11,25235.079999999998,2294.0981818181817,1939.94,0.0,0.0,0.0,0.0,0.0,3.6805682365124053,,0.0,71.0,Greed
2024-06-17,38,368380.12,9694.213684210526,6057.425,10599.502375,278.9342730263158,315.144564194019,0.0,0.6578947368421053,5.749614524159395,,0.8421052631578947,71.0,Greed
2024-06-18,25,263314.79,10532.5916,5736.93,282.57636,11.3030544,29.448076746454035,0.0,0.16,13.180163293504082,,0.84,74.0,Greed
2024-06-19,61,417071.12,6837.231475409836,706.64,4887.656944,80.12552367213115,180.97142293583357,0.0,0.5081967213114754,6.350318030977234,,0.04918032786885246,64.0,Greed
2024-06-20,39,207990.8,5333.097435897435,117.63,57478.456026,1473.8065647692308,4202.023348756396,0.0,0.20512820512820512,7.169182691046657,,0.0,60.0,Greed
2024-06-21,80,176264.49,2203.306125,44.93,773.5582039999999,9.66947755,54.6582097931937,0.0,0.0375,2.1661551031475406,,0.85,63.0,Greed
2024-06-22,24,169594.27000000002,7066.427916666667,248.95499999999998,756.876565,31.536523541666668,65.30392406982597,0.0,0.3333333333333333,10.230545878272105,,0.16666666666666666,53.0,Neutral
2024-06-23,5,1792.12,358.424,398.09,0.0,0.0,0.0,0.0,0.0,0.5750425156425478,,0.0,55.0,Greed
2024-06-24,31,403002.8,13000.090322580645,5767.22,0.0,0.0,0.0,0.0,0.0,8.862810984285192,,0.8064516129032258,51.0,Neutral
2024-06-25,49,103099.08,2104.062857142857,497.56,4869.353105,99.3745531632653,242.73329860014363,0.0,0.22448979591836735,3.37568242763173,,0.22448979591836735,30.0,Fear
2024-06-26,72,365190.66000000003,5072.092500000001,55.879999999999995,4197.732182,58.30183586111111,181.6926720751968,0.0,0.2916666666666667,0.6744360274157704,,0.5694444444444444,46.0,Neutral
2024-06-27,30,130486.95,4349.565,623.255,0.0,0.0,0.0,0.0,0.0,1.0771042764286116,,0.4,40.0,Fear
2024-06-29,75,280095.11,3734.6014666666665,97.64,6150.326145,82.0043486,179.89968807670226,0.0,0.32,1.5943073572843287,,0.4666666666666667,30.0,Fear
2024-06-30,14,30520.69,2180.049285714286,15.0,0.0,0.0,0.0,0.0,0.0,0.33606109968966885,,0.35714285714285715,47.0,Neutral
2024-07-01,64,362670.14999999997,5666.721093749999,423.28999999999996,5065.839308,79.1537391875,207.33447463371925,0.0,0.40625,6.85068013332762,,0.09375,53.0,Neutral
2024-07-02,18,33347.47,1852.6372222222224,218.55,2421.253116,134.514062,226.36405308073617,0.0,0.7222222222222222,2.9723042230422307,,0.7222222222222222,51.0,Neutral
2024-07-03,18,179600.66,9977.814444444444,2957.515,1118.387284,62.132626888888886,130.94390209637675,0.0,0.2222222222222222,7.493242229391787,,1.0,50.0,Neutral
2024-07-04,25,430568.01,17222.720400000002,8103.87,0.0,0.0,0.0,0.0,0.0,12.58094424625717,,1.0,44.0,Fear
2024-07-05,32,272289.89,8509.0590625,2858.9700000000003,0.0,0.0,0.0,0.0,0.0,1.189020928996388,,1.0,29.0,Fear
2024-07-06,24,2490.17,103.75708333333334,59.86,108.87217799999999,4.53634075,10.03473956812726,0.0,0.2916666666666667,0.16646411572811382,,0.7083333333333334,26.0,Fear
2024-07-07,10,498.75,49.875,39.9,61.428942,6.1428942,4.100173833321266,2.457158,1.0,0.08001764800256699,,0.0,29.0,Fear
2024-07-08,1,497.64,497.64,497.64,0.0,0.0,,0.0,0.0,0.7983956361302744,,1.0,28.0,Fear
2024-07-09,15,2736.45,182.42999999999998,197.8,648.984412,43.265627466666665,40.13596510326193,3.2789644,1.0,0.29268410075405105,,0.0,27.0,Fear
2024-07-10,56,687900.21,12283.93232142857,3237.335,11977.734907,213.88812333928573,337.8156690082534,0.0,0.6785714285714286,2.0050754858992095,,0.17857142857142858,28.0,Fear
2024-07-11,19,169887.02,8941.422105263156,8977.39,1876.812082,98.77958326315789,150.16378122148163,0.0,0.47368421052631576,1.152967206944447,,0.5263157894736842,29.0,Fear
2024-07-12,19,89582.97,4714.893157894737,3124.79,1412.314654,74.33235021052631,112.44287174423458,0.0,0.47368421052631576,1.6622193062868584,,1.0,25.0,Fear
2024-07-13,17,139189.19,8187.599411764706,5482.23,2913.617837,171.38928452941175,173.27801983740284,11.4679046,1.0,1.0990876845084996,,0.0,25.0,Fear
2024-07-14,7,84001.13,12000.16142857143,11997.69,0.0,0.0,0.0,0.0,0.0,1.5473816628160717,,0.0,33.0,Fear
2024-07-15,26,198344.85,7628.6480769230775,5378.75,-1.0,-0.038461538461538464,0.1400758054109933,-0.2847,0.0,1.8788168531275242,,0.07692307692307693,52.0,Neutral
2024-07-16,22,144000.57,6545.480454545454,4998.21,0.0,0.0,0.0,0.0,0.0,0.8440183484173663,,0.0,65.0,Greed
2024-07-17,351,626005.53,1783.4915384615385,1001.15,1859.269477,5.297064037037037,11.718171265834037,0.0,0.4131054131054131,2.6768255405440002,,0.4415954415954416,69.0,Greed
2024-07-18,60,649704.85,10828.414166666666,3141.84,3803.884311,63.398071849999994,87.92602091436942,0.0,0.8,1.6254828075541496,,1.0,61.0,Greed
2024-07-19,23,150269.42,6533.453043478262,1999.32,2155.891114,93.73439626086956,179.87386804302622,0.0,0.5217391304347826,1.1798469885636955,,0.043478260869565216,60.0,Greed
2024-07-20,266,244362.21,918.65492481203,498.305,2299.169566,8.643494609022557,53.62978209591339,0.0,0.12406015037593984,1.13488314863298,,0.15413533834586465,74.0,Greed
2024-07-21,448,234307.46,523.0077232142856,357.95500000000004,-2960.716887,-6.608743051339286,11.365602294450625,-34.4618393,0.046875,0.8623733824666272,,0.5334821428571429,74.0,Greed
2024-07-22,154,304213.8,1975.4142857142856,554.74,1517.119876,9.851427766233765,72.41291986688015,-25.486164900000002,0.14285714285714285,1.2135232387336188,,0.6688311688311688,70.0,Greed
2024-07-23,370,358526.54,968.9906486486486,501.085,89890.302206,242.9467627189189,513.7954073277451,-1.770912,0.8891891891891892,1.5156309813569977,,0.37027027027027026,71.0,Greed
2024-07-24,90,69207.93,768.977,243.29500000000002,625.561479,6.9506831,19.95680710255259,0.0,0.2,0.92951149654482,,0.6,69.0,Greed
2024-07-25,78,528555.31,6776.350128205129,3500.85,916.7382600000001,11.753054615384617,40.81134378827734,0.0,0.1282051282051282,1.0473357503361826,,0.9871794871794872,68.0,Greed
2024-07-26,152,548587.65,3609.1292763157894,1000.115,2766.513113,18.200744164473683,50.86868522207445,0.0,0.40131578947368424,4.71477375452625,,0.28289473684210525,68.0,Greed
2024-07-27,57,905199.75,15880.697368421053,9963.24,6400.623656,112.2916430877193,157.88829917379803,0.0,0.7368421052631579,2.1936186195726703,,0.15789473684210525,72.0,Greed
2024-07-28,16,43254.68,2703.4175,608.6500000000001,587.29903,36.706189375,36.25797427381541,0.0,0.75,1.6649335712897932,,0.9375,71.0,Greed
2024-07-29,39,327199.14,8389.72153846154,2757.15,330.80445399999996,8.482165487179486,21.730673754432168,0.0,0.41025641025641024,13.733805763685435,,0.46153846153846156,74.0,Greed
2024-07-30,6,36006.47,6001.078333333334,6541.93,0.0,0.0,0.0,0.0,0.0,0.7738194711292553,,1.0,67.0,Greed
2024-07-31,43,84506.54,1965.2683720930231,554.32,765.690884,17.806764744186047,45.986517776302854,0.0,0.32558139534883723,2.190046834754696,,0.3953488372093023,61.0,Greed
2024-08-01,57,227774.53,3996.044385964912,1002.35,167.080017,2.9312283684210527,23.197203266011744,-0.02163719999999997,0.07017543859649122,3.022207267939598,,0.8245614035087719,52.0,Neutral
2024-08-02,63,396320.37,6290.799523809524,2129.53,782.3681909999999,12.418542714285714,44.14907581961201,0.0,0.2698412698412698,3.348430813502707,,0.6666666666666666,57.0,Greed
2024-08-03,37,290532.86,7852.239459459459,4534.09,464.1897,12.545667567567568,76.3123165975776,0.0,0.02702702702702703,19.894766481028192,,0.972972972972973,37.0,Fear
2024-08-04,127,1207744.07,9509.795826771655,1111.06,-122672.000883,-965.9212667952756,3618.961540622186,-4391.4528126,0.023622047244094488,8.002189999282079,,0.47244094488188976,34.0,Fear
2024-08-05,80,420495.4,5256.1925,2216.9700000000003,-13013.665169,-162.6708146125,795.0273715447163,-505.40315699999985,0.4125,5.424060070566447,,0.5125,26.0,Fear
2024-08-06,107,61478.38,574.5642990654205,123.95,267.318048,2.4982995140186914,8.28376598603028,-0.046266499999999995,0.12149532710280374,0.926122566549865,,0.7102803738317757,17.0,Fear
2024-08-07,33,2492.77,75.53848484848484,38.98,188.789255,5.720886515151515,10.349410204930836,0.0,0.30303030303030304,0.16548574839726118,,0.36363636363636365,29.0,Fear
2024-08-08,9,16299.35,1811.038888888889,250.0,-40.712216999999995,-4.5235796666666666,9.68187399440364,-20.110805,0.0,3.0547492646851238,,0.5555555555555556,20.0,Fear
2024-08-09,144,503204.86,3494.4781944444444,498.15999999999997,18082.071276,125.56993941666666,454.8533022933731,-43.131989999999995,0.2986111111111111,4.38422263391724,,0.375,48.0,Neutral
2024-08-10,88,11339.29,128.8555681818182,119.485,0.0,0.0,0.0,0.0,0.0,0.20673076960637185,,0.9886363636363636,40.0,Fear
2024-08-11,24,44230.21,1842.9254166666667,200.41000000000003,847.7766200000001,35.32402583333334,91.2518343902943,0.0,0.16666666666666666,0.4460640207116566,,0.6666666666666666,39.0,Fear
2024-08-12,48,54167.32,1128.4858333333334,160.74,858.6705000000001,17.88896875,64.64753431191872,0.0,0.125,0.45371986118719326,,0.8125,25.0,Fear
2024-08-13,23,20797.87,904.2552173913043,170.86,212.08102,9.220913913043479,19.422324125365535,0.0,0.34782608695652173,0.6488891573488889,,0.8695652173913043,31.0,Fear
2024-08-14,25,66710.03,2668.4012,160.5,2168.9015130000003,86.75606052,329.1190167138969,0.0,0.2,0.4646922078286962,,0.76,30.0,Fear
2024-08-15,12,1522.3700000000001,126.86416666666668,171.12,0.0,0.0,0.0,0.0,0.0,0.20353628536285365,,1.0,29.0,Fear
2024-08-16,35,166382.84,4753.795428571429,158.13,825.230544,23.578015542857145,80.13737948448535,0.0,0.08571428571428572,7.09987745938015,,0.9142857142857143,27.0,Fear
2024-08-17,30,30248.96,1008.2986666666667,438.21500000000003,-288.283113,-9.609437100000001,52.63305464597027,0.0,0.0,2.237524037017815,,0.9666666666666667,25.0,Fear
2024-08-18,15,62804.48,4186.965333333334,1999.57,307.201888,20.480125866666665,30.913873872729887,0.0,0.8,0.5398984512959567,,0.0,31.0,Fear
2024-08-19,8,100315.03,12539.37875,8851.04,339.69958299999996,42.462447874999995,67.50399160612497,0.0,0.625,20.11772621530563,,0.375,28.0,Fear
2024-08-20,12,49914.8,4159.566666666667,1980.9850000000001,192.602844,16.050237,55.59965191504375,0.0,0.08333333333333333,1.7054421180988604,,0.4166666666666667,30.0,Fear
2024-08-21,145,104990.41,724.0717931034483,602.83,656.200925,4.525523620689655,16.514528261674556,0.0,0.3724137931034483,1.4831845423938952,,0.38620689655172413,26.0,Fear
2024-08-23,10,63509.56,6350.956,3695.2799999999997,1005.30527,100.53052699999999,280.4841642773341,0.0,0.3,0.8189350546863112,,0.0,34.0,Fear
2024-08-24,7,34999.67,4999.952857142857,1991.82,0.0,0.0,0.0,0.0,0.0,4.860120819163915,,0.0,56.0,Greed
2024-08-25,17,21950.28,1291.1929411764704,417.61,0.0,0.0,0.0,0.0,0.0,0.7700231738978571,,0.47058823529411764,54.0,Neutral
2024-08-26,6,92611.27,15435.211666666668,11999.759999999998,231.236918,38.539486333333336,60.225332502001116,0.0,0.3333333333333333,2.0758329013141816,,1.0,55.0,Greed
2024-08-27,50,70250.16,1405.0032,109.7,0.0,0.0,0.0,0.0,0.0,0.33594095042614613,,0.98,48.0,Neutral
2024-08-28,9,71160.06999999999,7906.674444444444,2119.12,1333.359645,148.15107166666667,294.00593721532755,0.0,0.2222222222222222,4.899150861362672,,1.0,30.0,Fear
2024-08-29,1,9995.85,9995.85,9995.85,0.0,0.0,,0.0,0.0,16.036980587197178,,0.0,29.0,Fear
2024-08-30,6,37233.24,6205.54,3746.8450000000003,256.464,42.744,104.70098956552417,0.0,0.16666666666666666,3.1955104488340544,,0.6666666666666666,34.0,Fear
2024-08-31,34,107507.43000000001,3161.983235294118,443.44,10.882801,0.3200823823529412,0.8923899892238314,0.0,0.35294117647058826,5.160369347101002,,0.3235294117647059,29.0,Fear
2024-09-01,12,12359.68,1029.9733333333334,499.67499999999995,137.433093,11.452757750000002,25.479618769976113,0.0,0.4166666666666667,2.060193889933459,,0.5833333333333334,26.0,Fear
2024-09-02,2,30000.42,15000.21,15000.21,0.0,0.0,0.0,0.0,0.0,1.9342281377254311,,1.0,26.0,Fear
2024-09-04,34,131480.97,3867.0873529411765,103.485,1065.785132,31.346621529411763,462.16602470807555,-194.37811109999996,0.14705882352941177,4.685187370908523,,0.9117647058823529,27.0,Fear
2024-09-05,1,0.84,0.84,0.84,0.0,0.0,,0.0,0.0,0.0018503832936822627,,0.0,29.0,Fear
2024-09-06,42,39047.1,929.6928571428571,90.725,-1104.856765,-26.306113452380952,21.910908628012873,-29.84022705,0.0,0.26237910626517474,,0.09523809523809523,22.0,Fear
2024-09-08,1,0.11,0.11,0.11,0.0,0.0,,0.0,0.0,0.0004980530652902291,,0.0,29.0,Fear
2024-09-09,2,4014.4300000000003,2007.2150000000001,2007.2150000000001,0.0,0.0,0.0,0.0,0.0,3.2203032247713788,,1.0,26.0,Fear
2024-09-10,3,2547.28,849.0933333333334,766.74,-219.729659,-73.24321966666666,96.08066367806516,-167.5983803,0.0,3.0973263628907386,,0.3333333333333333,33.0,Fear
2024-09-11,1,0.54,0.54,0.54,0.0,0.0,,0.0,0.0,0.0008350214167530038,,0.0,37.0,Fear
2024-09-14,11,1014.8000000000001,92.25454545454546,62.08,0.0,0.0,0.0,0.0,0.0,0.14800643062311722,,0.9090909090909091,50.0,Neutral
2024-09-18,145,13633.5,94.02413793103449,105.16,-878.684794,-6.059895131034483,4.966129290375059,-14.002901,0.0,0.1508489297786531,,0.07586206896551724,45.0,Neutral
2024-09-19,19,1521.8700000000001,80.09842105263158,67.04,0.0,0.0,0.0,0.0,0.0,0.1285070127589148,,1.0,49.0,Neutral
2024-09-20,16,332873.38,20804.58625,6755.5599999999995,9585.03428,599.0646425,2004.9515901146353,-0.47244,0.5,5.82561881859981,,0.1875,54.0,Neutral
2024-09-21,23,165648.12,7202.092173913044,5230.95,36165.56933,1572.416057826087,1429.8114770090967,5.412902400000002,1.0,11.136854093789982,,0.0,54.0,Neutral
2024-09-22,3,19999.739999999998,6666.579999999999,5972.27,0.0,0.0,0.0,0.0,0.0,0.8596337396874847,,1.0,52.0,Neutral
2024-09-23,2,40334.29,20167.145,20167.145,334.760796,167.380398,236.7116289270065,16.738039800000003,0.5,2.6004875476135827,,0.5,50.0,Neutral
2024-09-24,10,7118.63,711.863,84.325,0.0,0.0,0.0,0.0,0.0,1.3263480092790307,,0.9,54.0,Neutral
2024-09-25,9,52754.130000000005,5861.570000000001,2403.46,0.0,0.0,0.0,0.0,0.0,1.2993417588697516,,0.6666666666666666,59.0,Greed
2024-09-26,8,113711.93000000001,14213.991250000001,7260.59,439.812513,54.976564125,154.20271831132595,0.0,0.25,9.222505990839057,,0.0,50.0,Neutral
2024-09-27,56,126097.04,2251.732857142857,78.095,0.0,0.0,0.0,0.0,0.0,1.1186253353798699,,0.0,61.0,Greed
2024-09-28,4,29199.21,7299.8025,7587.5650000000005,0.0,0.0,0.0,0.0,0.0,13.911672780980513,,0.0,64.0,Greed
2024-09-30,106,214669.85,2025.1872641509435,142.32,2710.626288,25.571946113207545,133.6657057863591,0.0,0.04716981132075472,0.8878694808585743,,0.09433962264150944,61.0,Greed
2024-10-01,4,139954.32,34988.58,31787.215,0.0,0.0,0.0,0.0,0.0,4.5116632323852315,,1.0,50.0,Neutral
2024-10-02,4,99954.34,24988.585,20954.905000000002,0.0,0.0,0.0,0.0,0.0,3.222196504511847,,1.0,42.0,Fear
2024-10-03,9,132935.69,14770.632222222222,4525.05,100.375782,11.152864666666666,20.273575382952355,0.0,0.3333333333333333,3.09763283431818,,0.6666666666666666,37.0,Fear
2024-10-04,1,0.34,0.34,0.34,0.0,0.0,,0.0,0.0,0.0005454837157067223,,0.0,41.0,Fear
2024-10-05,37,605605.74,16367.722702702702,11986.49,5767.161892,155.86924032432432,217.0879728346648,0.0,0.6486486486486487,2.1105878066697326,,0.24324324324324326,49.0,Neutral
2024-10-06,22,300130.56,13642.298181818182,6351.0599999999995,130.487079,5.9312308636363635,17.741123762831634,0.0,0.22727272727272727,1.7591298392831314,,0.2727272727272727,50.0,Neutral
2024-10-07,21,219984.65,10475.459523809524,3379.1,0.0,0.0,0.0,0.0,0.0,1.3507763269018387,,0.0,50.0,Neutral
2024-10-08,36,434584.13,12071.781388888889,2491.3999999999996,5396.546638,149.90407327777777,223.40754741053024,0.0,0.9166666666666666,1.5566405936311059,,0.9444444444444444,49.0,Neutral
2024-10-09,14,220399.93,15742.852142857142,17148.715,396.06272,28.290194285714286,61.54299038481661,0.0,0.21428571428571427,2.02998941899916,,0.7857142857142857,49.0,Neutral
2024-10-10,16,300024.33999999997,18751.521249999998,20868.605,0.0,0.0,0.0,0.0,0.0,2.417947483862316,,1.0,39.0,Fear
2024-10-11,26,488904.19,18804.007307692307,16272.82,8885.327477,341.74336450000004,367.9830904604618,0.0,0.6923076923076923,2.4247551856815077,,0.0,32.0,Fear
2024-10-12,10,159713.4,15971.34,13531.815,541.55471,54.155471,63.374247509280295,0.0,0.7,2.059452182681422,,0.7,49.0,Neutral
2024-10-13,10,60002.42,6000.242,4096.764999999999,0.0,0.0,0.0,0.0,0.0,0.7737116286746597,,1.0,50.0,Neutral
2024-10-14,5,61916.020000000004,12383.204000000002,1416.13,1913.61958,382.72391600000003,497.27205914834235,4.950762,1.0,1.5967737526337373,,0.0,48.0,Neutral
2024-10-15,7,81173.36,11596.194285714286,10002.18,1170.2260760000001,167.17515371428573,347.7876385038441,0.0,0.5714285714285714,1.495291417784113,,0.42857142857142855,65.0,Greed
2024-10-16,11,80229.17,7293.560909090909,6000.79,219.480876,19.95280690909091,35.58157491300189,0.0,0.2727272727272727,0.9404808822395094,,0.7272727272727273,73.0,Greed
2024-10-17,9,140531.75,15614.638888888889,9999.79,36.11496,4.0127733333333335,12.830443659406326,-1.238328,0.1111111111111111,2.2576981309506197,,0.7777777777777778,71.0,Greed
2024-10-18,6,120331.43000000001,20055.238333333335,12475.59,333.219141,55.536523499999994,51.489580908627175,0.256026,0.8333333333333334,2.5860575480691947,,0.16666666666666666,73.0,Greed
2024-10-19,4,99996.86,24999.215,24998.28,0.0,0.0,0.0,0.0,0.0,3.223567208328928,,1.0,72.0,Greed
2024-10-20,96,176447.86000000002,1837.9985416666668,269.87,389.155797,4.05370621875,13.65197281145091,0.0,0.11458333333333333,1.3329219580702523,,0.07291666666666667,73.0,Greed
2024-10-21,173,324117.99,1873.5143930635838,618.57,2464.915564,14.248066843930635,40.07987913321128,0.0,0.3930635838150289,2.1247083008677254,,0.45664739884393063,72.0,Greed
2024-10-22,3,60000.36,20000.12,29400.78,0.0,0.0,0.0,0.0,0.0,2.578950218822613,,1.0,70.0,Greed
2024-10-23,18,210006.07,11667.003888888888,8004.2699999999995,-46.489941,-2.5827745,6.37713910085234,-18.96033465,0.0,1.5044220850802035,,0.8333333333333334,71.0,Greed
2024-10-25,30,427883.18,14262.772666666666,7970.745,13235.862071,441.19540236666666,1366.4039341402422,0.0,0.7,3.2188928495941287,,0.4666666666666667,72.0,Greed
2024-10-26,6,88668.86,14778.143333333333,14798.105,42471.99413,7078.6656883333335,5735.884238617606,227.41781600000002,1.0,28.163596804675464,,1.0,,
2024-10-27,4,90664.41,22666.1025,17478.605,666.6623079999999,166.66557699999998,293.9572048762827,0.9144954000000002,0.75,2.9227199637917565,,0.0,74.0,Greed
2024-10-28,13,121495.25,9345.788461538461,7007.53,167.28016200000002,12.867704769230771,44.454488070634156,0.0,0.3076923076923077,1.7129784288153544,,0.0,72.0,Greed
2024-10-29,53,613267.8099999999,11571.09075471698,2378.45,801.170876,15.11643162264151,99.68468397007351,0.0,0.05660377358490566,1.8695927639759204,,0.05660377358490566,72.0,Greed
2024-10-30,25,11830.85,473.23400000000004,499.83,9.150023,0.36600091999999995,1.0256853979943898,0.0,0.28,0.9465815897907749,,0.32,77.0,Greed
2024-10-31,48,896173.36,18670.278333333332,10637.44,1214.043811,25.292579395833332,33.00414935089389,-0.15415399999999999,0.7083333333333334,3.468450863577154,,0.875,77.0,Greed
2024-11-01,23,260981.03,11347.001304347827,2753.9,1040.475736,45.238075478260875,154.1983753462747,-2.9720429999999998,0.2608695652173913,2.6537279706542027,,0.5652173913043478,75.0,Greed
2024-11-02,2,40000.0,20000.0,20000.0,0.0,0.0,0.0,0.0,0.0,2.5789347452141422,,1.0,72.0,Greed
2024-11-03,6,129055.66,21509.27666666667,19456.93,0.0,0.0,0.0,0.0,0.0,5.41231324618994,,1.0,74.0,Greed
2024-11-04,36,451811.97,12550.332499999999,7595.200000000001,2799.410474,77.76140205555555,118.94285081013497,0.0,0.6388888888888888,2.070577547498127,,0.3611111111111111,70.0,Greed
2024-11-05,10,200627.23,20062.723,18815.325,678.4759280000001,67.8475928,93.32108146532121,0.0,0.5,2.5870226714153453,,0.5,70.0,Greed
2024-11-06,15,123906.9,8260.46,6823.5,2817.83723,187.85581533333334,309.14971367702964,-1.2102369999999998,0.4666666666666667,1.187097148870174,,0.4,70.0,Greed
2024-11-07,113,111335.3,985.2681415929204,143.99,4493.353136,39.764187044247784,107.40420684370638,0.0,0.5309734513274337,1.126189653755639,,0.4690265486725664,77.0,Greed
2024-11-08,39,270700.44,6941.036923076923,2930.56,-64.41354100000007,-1.6516292564102582,72.4018294193872,-88.535351,0.15384615384615385,1.5997071293363734,,0.5897435897435898,75.0,Greed
2024-11-09,86,193384.41,2248.655930232558,433.685,102.90894,1.196615581395349,2.90992297730476,-0.0066732499999999995,0.22093023255813954,1.2339590333357848,,0.6162790697674418,75.0,Greed
2024-11-10,173,413636.7,2390.963583815029,1110.6,991.114334,5.728984589595376,22.471438317729593,0.0,0.2947976878612717,2.770400795508719,,0.2774566473988439,78.0,Greed
2024-11-11,373,1570572.42,4210.649919571046,1721.57,6749.630996,18.09552545844504,60.90235280005483,0.0,0.24664879356568364,3.6915296605874097,,0.2520107238605898,76.0,Greed
2024-11-12,171,1226354.52,7171.663859649123,1761.14,3494.399394,20.435084175438597,80.90406191682668,0.0,0.19883040935672514,2.6578162502618907,,0.5730994152046783,80.0,Greed
2024-11-13,48,515336.37,10736.174375,1589.8200000000002,7846.402274,163.46671404166668,358.50791769432567,-2.760801,0.5625,2.02914699261024,,0.3333333333333333,84.0,Greed
2024-11-14,110,1008361.81,9166.925545454545,1272.46,4563.509225,41.4864475,89.20897697893908,0.0,0.2545454545454545,2.22875674424212,,0.7454545454545455,88.0,Greed
2024-11-15,149,1427858.42,9582.942416107382,2000.04,4140.740438,27.790204281879195,61.955774894975356,0.0,0.3691275167785235,1.638645216365146,,0.610738255033557,80.0,Greed
2024-11-16,157,303296.07,1931.822101910828,259.57,2769.521909,17.640266936305732,44.303347474612096,-0.8035459999999999,0.3057324840764331,2.119916393381311,,0.49044585987261147,86.0,Greed
2024-11-17,209,1215987.57,5818.122344497608,786.7,882.975285,4.224762129186603,17.261524113421817,-1.1068864,0.23444976076555024,3.578807492353955,,0.3492822966507177,90.0,Greed
2024-11-18,346,2084339.58,6024.102832369942,585.87,4470.815187,12.921431176300578,87.8216130663201,-1.6724155,0.3583815028901734,4.978483116703148,,0.36127167630057805,83.0,Greed
2024-11-19,305,628031.15,2059.118524590164,499.52,2958.268991,9.699242593442623,37.73186830724049,-0.0930783999999999,0.4918032786885246,5.01234194199153,,0.5245901639344263,90.0,Greed
2024-11-20,550,1999514.1199999999,3635.480218181818,1202.125,4210.0928969999995,7.654714358181818,54.544471794452775,-5.612499999999997,0.3981818181818182,11.595549794266185,,0.44363636363636366,83.0,Greed
2024-11-21,535,598300.62,1118.3189158878504,500.01,1692.430891,3.1634222261682243,23.071714613651217,-3.1600104999999994,0.308411214953271,4.500680947456036,,0.4392523364485981,82.0,Greed
2024-11-22,679,1646713.62,2425.2041531664213,499.84,-18105.345617,-26.664721085419732,305.88652723565343,-9.371147400000002,0.3078055964653903,3.9990189372011447,,0.48159057437407954,94.0,Greed
2024-11-23,363,516245.68,1422.1644077134986,499.99,2901.531638,7.993200104683195,25.92430088738888,-0.013374999999999998,0.3526170798898072,3.1529027130746776,,0.4132231404958678,93.0,Greed
2024-11-24,172,664952.28,3866.001627906977,554.8399999999999,945.550386,5.497385965116279,24.231829677959688,-1.7557694999999995,0.26744186046511625,2.4526192045242543,,0.5988372093023255,80.0,Greed
2024-11-25,255,937410.87,3676.1210588235294,100.98,5523.740734,21.66172836862745,136.53631849159856,-5.1060435,0.4117647058823529,2.366903811681867,,0.49411764705882355,82.0,Greed
2024-11-26,302,1146902.44,3797.6901986754965,825.495,1094.809359,3.6251965529801327,55.535465040558826,-6.32717725,0.2913907284768212,6.346910164320315,,0.652317880794702,79.0,Greed
2024-11-27,213,1444242.53,6780.481361502348,427.89,-2654.495633,-12.462420812206572,56.196623877144376,-120.73905679999999,0.3474178403755869,6.703390184720815,,0.3380281690140845,75.0,Greed
2024-11-28,332,1894225.15,5705.497439759036,1175.775,-127075.39958499999,-382.75722766566264,1422.4245637679367,-3513.02685,0.32831325301204817,7.18240859666054,,0.6234939759036144,77.0,Greed
2024-11-29,393,794262.91,2021.0252162849874,248.82,176844.994152,449.98726247328244,2425.1393783219637,0.0,0.48854961832061067,4.4607275771599255,,0.37659033078880405,78.0,Greed
2024-11-30,373,1732193.7,4643.950938337802,310.7,37316.69352,100.04475474530831,327.5103351176057,0.0,0.42091152815013405,4.949806165538375,,0.2761394101876676,84.0,Greed
2024-12-01,416,814711.82,1958.441875,296.565,40886.364494,98.28453003365385,338.03944268346726,0.0,0.53125,2.073718719998141,,0.34615384615384615,81.0,Greed
2024-12-02,270,585243.56,2167.568740740741,149.885,18489.604313,68.48001597407408,379.90364074572494,0.0,0.4074074074074074,1.6443896224957235,,0.5777777777777777,80.0,Greed
2024-12-03,374,1084666.53,2900.177887700535,499.645,23576.539285,63.03887509358289,229.00768096588675,0.0,0.4304812834224599,3.2574182723339375,,0.45454545454545453,76.0,Greed
2024-12-04,319,769287.65,2411.5600313479626,272.25,292891.815021,918.1561599404388,4090.2838520231076,-0.06654359999999997,0.46394984326018807,3.0785682244019457,,0.30094043887147337,78.0,Greed
2024-12-05,456,1256750.79,2756.0324342105264,326.56,71574.11848800001,156.96078615789474,1402.284112762816,0.0,0.4232456140350877,2.4693057473131255,,0.42105263157894735,84.0,Greed
2024-12-06,403,3471019.22,8612.950918114144,497.04,-92624.643895,-229.83782604218362,6326.353243835444,-73.112713,0.23325062034739455,5.343776913991604,,0.5086848635235732,72.0,Greed
2024-12-07,304,451733.42,1485.965197368421,209.72500000000002,85906.279067,282.5864442993421,2478.915786497859,0.0,0.4309210526315789,2.2215926157881176,,0.3618421052631579,75.0,Greed
2024-12-08,420,932939.72,2221.2850476190474,352.9,15965.933436,38.014127228571425,232.61343396421137,0.0,0.3619047619047619,3.718291602440351,,0.19523809523809524,79.0,Greed
2024-12-09,539,983949.68,1825.5096103896105,149.9,6310.967676,11.708659881261596,100.89854795146519,0.0,0.31910946196660483,2.252315879252751,,0.8441558441558441,78.0,Greed
2024-12-10,1596,3150424.08,1973.94992481203,257.42,39325.770231,24.640206911654136,141.48990698368283,-1.63912825,0.5870927318295739,3.1223188850119743,,0.33208020050125314,78.0,Greed
2024-12-11,1221,2194098.33,1796.9683292383293,149.98,319051.554217,261.30348420720725,2003.1396625321522,0.0,0.7125307125307125,2.303092502154075,,0.14004914004914004,74.0,Greed
2024-12-12,1932,4557189.87,2358.7939285714288,210.555,599151.795008,310.1199767122153,1920.807926510415,0.0,0.6997929606625258,3.66342424074698,,0.2179089026915114,83.0,Greed
2024-12-13,1173,2880824.64,2455.9459846547315,553.37,31935.901745,27.22583268968457,194.07940958725385,0.0,0.40153452685422,2.781925535113001,,0.5763000852514919,76.0,Greed
2024-12-14,1235,2369561.78,1918.6735060728743,523.75,167801.399244,135.87157833522267,647.5595884815575,0.0,0.47368421052631576,3.488899764980295,,0.4817813765182186,83.0,Greed
2024-12-15,1697,2583269.81,1522.256812021214,514.25,97525.315279,57.4692488385386,400.0229746982094,0.0,0.24572775486152032,2.056745285817926,,0.6664702416028285,80.0,Greed
2024-12-16,1055,2740808.97,2597.9231943127966,387.12,166774.344133,158.07994704549765,863.2966321796321,0.0,0.5071090047393365,3.5720990219715576,,0.4009478672985782,83.0,Greed
2024-12-17,1941,5233597.63,2696.3408706852138,563.0,219591.305172,113.13307839876352,546.8152085057872,0.0,0.4363730036063885,4.117373031545448,,0.43843379701184954,87.0,Greed
2024-12-18,1429,3798887.07,2658.423421973408,452.24,13682.994673,9.575223703988803,90.0826143121339,-21.2413764,0.36599020293911827,2.883308634496764,,0.5003498950314905,81.0,Greed
2024-12-19,3339,8241709.39,2468.316678646301,434.86,62744.004486000005,18.79125621024259,219.82362949794262,0.0,0.6148547469302186,3.863862005657394,,0.35968852949985025,75.0,Greed
2024-12-20,2488,7681274.71,3087.3290635048234,758.655,254969.660039,102.47976689670418,462.26198976634464,0.0,0.5558681672025724,4.692839733341014,,0.4537781350482315,74.0,Greed
2024-12-21,1681,4382875.12,2607.302272456871,655.22,150022.163157,89.24578415050566,263.0365857341915,0.0,0.5496728138013087,3.932540008272073,,0.3545508625817965,73.0,Greed
2024-12-22,774,3087320.22,3988.7858139534887,999.86,352197.163973,455.03509557235145,1859.8434888414529,0.0,0.4354005167958656,5.176142989702968,,0.5788113695090439,73.0,Greed
2024-12-23,2347,6771878.26,2885.333728163613,493.95,-29430.626577,-12.53967898466127,714.3762237450253,-100.90429389999998,0.2901576480613549,4.860666477673564,,0.4414145717937793,70.0,Greed
2024-12-24,338,1767036.11,5227.917485207101,438.125,14813.780116,43.827751822485205,352.00417886710017,-7.79134925,0.33727810650887574,4.650386941739067,,0.34911242603550297,73.0,Greed
2024-12-25,208,347889.35,1672.5449519230767,273.89,756.6570469999998,3.637774264423076,89.4369605189536,-9.932011199999996,0.30288461538461536,3.1931554949474776,,0.41346153846153844,73.0,Greed
2024-12-26,697,2205242.65,3163.9062410329984,500.26,60228.639722,86.41124780774749,837.1572532043537,0.0,0.5136298421807748,4.975721104156745,,0.5351506456241033,79.0,Greed
2024-12-27,260,347913.0,1338.126923076923,245.10500000000002,2672.811035,10.280042442307693,55.81376867703737,0.0,0.4230769230769231,1.994574402113901,,0.5269230769230769,74.0,Greed
2024-12-28,161,281555.01,1748.7888819875777,142.25,940.673623,5.842693310559007,29.85731881145236,-0.01276,0.22981366459627328,2.154874468901339,,0.35403726708074534,72.0,Greed
2024-12-29,201,344628.54,1714.5698507462685,274.19,2884.067927,14.348596651741294,84.84325152956883,0.0,0.31840796019900497,2.4181260472755066,,0.34328358208955223,73.0,Greed
2024-12-30,304,1073865.73,3532.453059210526,526.395,9009.738137,29.637296503289473,198.72959921857932,0.0,0.39473684210526316,3.365874987443002,,0.6019736842105263,65.0,Greed
2024-12-31,306,877164.62,2866.551045751634,489.97,5445.01281,17.794159509803922,108.99687767512427,0.0,0.3006535947712418,4.117896480276411,,0.46078431372549017,64.0,Greed
2025-01-01,96,282582.1,2943.5635416666664,200.5,-9528.065345,-99.25068067708334,989.3224125030252,0.0,0.3020833333333333,4.727438780616373,,0.7083333333333334,66.0,Greed
2025-01-02,361,774674.84,2145.9136842105263,249.68,8716.519087,24.145482235457067,117.65384746788118,0.0,0.45706371191135736,2.7122782213272205,,0.296398891966759,70.0,Greed
2025-01-03,508,771208.99,1518.1279330708662,221.93,6028.486793,11.867099986220472,63.36348991609002,0.0,0.27165354330708663,1.2535634111569205,,0.33267716535433073,74.0,Greed
2025-01-04,371,1826029.6199999999,4921.912722371967,443.86,2553.537968,6.882851665768194,75.44665860042967,0.0,0.20215633423180593,5.165206130594965,,0.20485175202156333,73.0,Greed
2025-01-05,239,451943.57,1890.977280334728,110.97,3187.719363,13.337737920502093,59.881873800685874,0.0,0.41841004184100417,1.081285638481113,,0.2719665271966527,72.0,Greed
2025-01-06,573,556526.99,971.2512914485166,149.94,6064.185393,10.583220581151831,104.19079085435088,-0.38829039999999987,0.15532286212914484,0.9032643560219035,,0.2582897033158813,76.0,Greed
2025-01-07,637,1313178.1,2061.504081632653,319.62,16098.227531,25.271942748822607,79.2581805510636,0.0,0.7613814756671899,2.8794492541064374,,0.8822605965463108,78.0,Greed
2025-01-08,1039,3177275.18,3058.0126852743024,423.54,130117.090554,125.23300342059672,2408.3681940977062,0.0,0.37151106833493747,3.585582409631072,,0.7170356111645814,70.0,Greed
2025-01-09,522,1020733.25,1955.427681992337,316.33500000000004,46975.928902,89.99220096168582,658.1149316624325,0.0,0.2777777777777778,2.8278234892353926,,0.3850574712643678,69.0,Greed
2025-01-10,819,6547449.68,7994.444053724053,500.18,-10116.875552,-12.352717401709402,816.5240640739952,-5.9653488,0.5274725274725275,2.3026091461758313,,0.4468864468864469,50.0,Neutral
2025-01-11,283,1658098.71,5859.006042402827,455.96,2269.080536,8.017952424028268,43.43091035574405,-0.9630771999999999,0.24381625441696114,1.7771936257029795,,0.5865724381625441,69.0,Greed
2025-01-12,602,2258459.17,3751.59330564784,453.17499999999995,5742.241803,9.538607646179402,150.46366054945935,0.0,0.7840531561461794,1.2610607543128305,,0.1345514950166113,62.0,Greed
2025-01-13,408,2936648.0100000002,7197.666691176471,634.915,9655.429352,23.66526801960784,77.40018335810606,0.0,0.3872549019607843,3.6256023692209296,,0.5882352941176471,61.0,Greed
2025-01-14,275,876581.97,3187.5708,560.46,16069.512355,58.43459038181818,146.32035377772365,0.0,0.49818181818181817,2.9240417090504165,,0.33454545454545453,63.0,Greed
2025-01-15,267,1801599.8900000001,6747.565131086143,576.51,14819.5883,55.50407602996255,189.6085235008543,-0.5655585999999996,0.4606741573033708,2.2830794388866056,,0.34831460674157305,70.0,Greed
2025-01-16,371,3049692.96,8220.196657681941,399.26,20807.709328,56.08546988679245,566.3419882789403,0.0,0.3423180592991914,2.1712537142343735,,0.30727762803234504,75.0,Greed
2025-01-17,238,1110230.46,4664.8338655462185,404.235,7006.415608,29.43872104201681,198.25145103146025,0.0,0.5294117647058824,3.0837980781285648,,0.39915966386554624,75.0,Greed
2025-01-18,651,2711629.88,4165.330076804916,377.96,443.2330819999997,0.6808495883256523,330.24136524302247,0.0,0.38095238095238093,3.0173586214657613,,0.5422427035330261,77.0,Greed
2025-01-19,1567,9715215.3,6199.8821314613915,800.1,87923.799302,56.10963580216975,604.713913705048,-0.6407177999999982,0.20229738353541799,4.394897477569519,,0.5366943203573707,77.0,Greed
2025-01-20,1315,8287327.01,6302.149817490495,500.3,87277.239173,66.37052408593155,569.11572956866,-20.160331199999998,0.5224334600760456,3.278824564869418,,0.5741444866920152,76.0,Greed
2025-01-21,530,1523729.82,2874.961924528302,220.185,11077.839421,20.901583813207548,111.25104651632293,0.0,0.3867924528301887,1.3249665582624397,,0.27358490566037735,76.0,Greed
2025-01-22,832,1778406.43,2137.5077283653845,342.635,20524.408057,24.66875968389423,156.5100803482523,-0.8107989999999996,0.28125,1.642203535691001,,0.35697115384615385,84.0,Greed
2025-01-23,1218,3697028.66,3035.3273070607556,534.4649999999999,101256.24216,83.13320374384236,341.1383231952165,0.0,0.6609195402298851,2.2399405334574762,,0.4605911330049261,75.0,Greed
2025-01-24,874,1611433.45,1843.7453661327231,500.20500000000004,10602.779738,12.131326931350113,80.89983729393776,0.0,0.5583524027459954,2.492635676945022,,0.4096109839816934,75.0,Greed
2025-01-25,506,1239377.7,2449.363043478261,481.03,-10348.016255999999,-20.450625011857706,490.2783467561706,-7.54620525,0.27865612648221344,2.9661049829418955,,0.6225296442687747,75.0,Greed
2025-01-26,451,1201173.66,2663.3562305986693,879.29,40823.466668,90.51766445232816,461.7192943559634,0.0,0.43458980044345896,3.3638534312637307,,0.3902439024390244,73.0,Greed
2025-01-27,773,1508028.31,1950.8775032341528,499.98,41331.765392,53.469295461837,353.4714697323709,0.0,0.4760672703751617,4.855494314088541,,0.6597671410090556,71.0,Greed
2025-01-28,498,579412.17,1163.4782530120483,499.85,17979.613973,36.103642516064255,81.72678441252614,0.0,0.6285140562248996,3.228247160846204,,0.3152610441767068,72.0,Greed
2025-01-29,910,1897513.41,2085.1795714285713,607.6600000000001,23421.01147,25.737375241758244,91.52029500857424,0.0,0.4164835164835165,2.2227062501432244,,0.48131868131868133,72.0,Greed
2025-01-30,1067,3014397.17,2825.114498594189,749.7,23097.471385,21.64711470009372,113.20284838153209,0.0,0.3467666354264292,2.7308528609189797,,0.25023430178069356,70.0,Greed
2025-01-31,1016,2783411.48,2739.578228346457,622.385,35868.296773,35.303441705708664,134.44285309446968,0.0,0.5413385826771654,3.2120164324086513,,0.31791338582677164,76.0,Greed
2025-02-01,634,1363746.44,2151.019621451104,589.245,32300.205017,50.946695610410096,446.4149984530011,0.0,0.5962145110410094,4.258833310845901,,0.555205047318612,68.0,Greed
2025-02-02,1319,5661092.29,4291.957763457164,679.1,162854.759623,123.46835452843062,1386.063749537317,0.0,0.35860500379075055,5.800539719827401,,0.6315390447308568,60.0,Greed
2025-02-03,2380,22592901.37,9492.815701680673,885.895,348871.326269,146.58459086932774,1292.2669438694834,-11.607202499999996,0.4634453781512605,8.541890715881584,,0.4584033613445378,44.0,Fear
2025-02-04,2512,15678409.27,6241.404964171974,640.5999999999999,416876.88812,165.9541752070064,2184.1682347008123,0.0,0.276671974522293,6.0758437506639495,,0.455015923566879,72.0,Greed
2025-02-05,1297,8743231.51,6741.1191287586735,953.58,56706.235562,43.721075992289904,444.31734690264386,-6.479893000000001,0.3215111796453354,7.135866835235373,,0.5312259059367772,54.0,Neutral
2025-02-06,1703,2818508.87,1655.0257604227834,502.35,33803.799733,19.84955944392249,609.1348918969087,0.0,0.46095126247798,2.484307712150851,,0.6829125073399882,49.0,Neutral
2025-02-07,1524,3460263.54,2270.5141338582675,503.32000000000005,22450.002091,14.730972500656167,94.68612173896997,-1.7,0.2821522309711286,3.4126409005151856,,0.6279527559055118,44.0,Fear
2025-02-08,575,839734.97,1460.4086434782607,387.72,586.703253,1.0203534834782608,11.464135616658202,0.0,0.19130434782608696,1.8226141593239777,,0.7843478260869565,44.0,Fear
2025-02-09,764,2920919.7,3823.19332460733,421.645,150551.829492,197.05736844502616,2082.4614891202827,0.0,0.4306282722513089,3.5368105707102724,,0.5602094240837696,46.0,Neutral
2025-02-10,889,3624958.44,4077.5685489313837,635.37,63908.49465,71.88807047244094,921.8916254848083,0.0,0.4780652418447694,3.537869891219248,,0.4049493813273341,43.0,Fear
2025-02-11,848,2797544.17,3298.990766509434,674.3499999999999,-6093.784817,-7.186067001179245,127.34220698976809,-11.421000000000001,0.21816037735849056,3.2416467384944996,,0.4268867924528302,47.0,Neutral
2025-02-12,1031,4143974.54,4019.3739476236665,923.74,19848.635032,19.251828353055284,351.50279374147897,-35.95332,0.4626576139670223,4.560745406592809,,0.3937924345295829,46.0,Neutral
2025-02-13,1370,3199852.21,2335.6585474452554,574.13,27829.534238,20.313528640875912,115.2749060467816,0.0,0.4678832116788321,3.160081824751958,,0.43284671532846714,50.0,Neutral
2025-02-14,1655,4007103.42,2421.210525679758,551.4,213860.675308,129.22095184773414,532.3132229110405,-0.05440799999999993,0.42900302114803623,2.4435546776429793,,0.3214501510574018,48.0,Neutral
2025-02-15,932,1712852.95,1837.8250536480687,524.185,45042.92701,48.32932082618026,338.46361083281846,0.0,0.4302575107296137,2.5400710322790805,,0.6148068669527897,50.0,Neutral
2025-02-16,681,806177.64,1183.8144493392072,339.07,2369.478425,3.4794103157121876,12.19814466020818,-0.757268,0.44052863436123346,1.1965626414658375,,0.5066079295154186,54.0,Neutral
2025-02-17,941,2031044.64,2158.3896280552603,524.92,1818.573295,1.9325964877789585,33.8310065066735,0.0,0.22422954303931988,1.4607534654706467,,0.6620616365568545,51.0,Neutral
2025-02-18,1676,3371128.68,2011.413293556086,749.845,91204.672403,54.418062292959426,402.7229620509518,0.0,0.5119331742243437,2.95908104299719,,0.6270883054892601,47.0,Neutral
2025-02-19,1361,3263930.24,2398.185334313005,539.36,14985.794701,11.010870463629685,61.23254296974973,0.0,0.4276267450404115,3.220186720579232,,0.6348273328434975,44.0,Fear
2025-02-20,2012,4628609.29,2300.5016351888667,515.5,46008.794102,22.867193887673956,157.96383053076914,0.0,0.47912524850894633,2.558600720565438,,0.39165009940357853,49.0,Neutral
2025-02-21,1873,3972159.88,2120.747399893219,530.5,119693.49395,63.904695114789114,366.09286225427314,0.0,0.5221569674319274,2.5309685097744388,,0.397223705285638,55.0,Greed
2025-02-22,686,3175570.2,4629.111078717201,922.595,25278.704178,36.849423,176.9982164477057,0.0,0.4970845481049563,3.6098430670474504,,0.5247813411078717,49.0,Neutral
2025-02-23,520,1141310.74,2194.8283461538463,499.30999999999995,10656.934251,20.494104328846156,123.32426355829121,0.0,0.45,2.891791613098925,,0.5442307692307692,50.0,Neutral
2025-02-24,5616,11223619.59,1998.5077617521367,221.13,38470.176242,6.850102607193732,55.56892309267754,-0.057466249999999997,0.39672364672364674,2.9145639662131697,,0.5795940170940171,49.0,Neutral
2025-02-25,6246,19414984.36,3108.3868651937237,667.15,204762.177034,32.782929400256165,673.7439962496502,-3.7060822499999997,0.260646813960935,4.426509482139405,,0.6781940441882806,25.0,Fear
2025-02-26,1176,4946958.13,4206.597049319727,800.895,63229.063129,53.76621014370748,406.24323217797456,-0.0074485,0.6709183673469388,6.864200438101536,,0.32908163265306123,21.0,Fear
2025-02-27,890,1999898.43,2247.0768876404495,699.85,-36525.167517,-41.039514064044944,517.9053830350915,-5.73942435,0.27752808988764044,3.3532843032352835,,0.45617977528089887,10.0,Fear
2025-02-28,1019,4123660.77,4046.7721000981355,595.87,225628.108748,221.4211077016683,3851.3712028844916,0.0,0.3886162904808636,4.6886936109288095,,0.5201177625122669,16.0,Fear
2025-03-01,174,263824.13,1516.230632183908,614.6800000000001,10596.108968,60.897177977011495,134.45844944800064,0.0,0.4482758620689655,2.935601308135174,,0.603448275862069,20.0,Fear
2025-03-02,532,6460848.74,12144.452518796992,1487.225,66914.320708,125.77879832330827,523.6453822891723,0.0,0.5018796992481203,6.110177960488596,,0.5150375939849624,26.0,Fear
2025-03-03,1482,8244590.38,5563.151403508772,998.7149999999999,616413.032233,415.9332201302294,1682.4075657180047,0.0,0.6153846153846154,4.638713873333533,,0.7213225371120108,33.0,Fear
2025-03-04,2402,11124247.15,4631.24360949209,806.44,182075.566585,75.80165136761032,940.9538347121356,-26.534299099999995,0.25353871773522063,5.243235342656763,,0.7277268942547876,15.0,Fear
2025-03-05,1660,9193654.22,5538.345915662651,1554.65,269328.365917,162.24600356445782,1724.8671279418056,0.0,0.7584337349397591,6.213516892069136,,0.22590361445783133,20.0,Fear
2025-03-06,760,6765324.96,8901.743368421052,1973.605,16101.125561,21.18569152763158,163.11101162302057,0.0,0.48026315789473684,3.993628691524667,,0.4881578947368421,25.0,Fear
2025-03-07,2552,19854275.48,7779.888510971787,1361.49,150236.061627,58.86993010462382,278.36230520474373,0.0,0.5223354231974922,5.325303754455199,,0.4807993730407524,34.0,Fear
2025-03-08,529,892083.51,1686.3582419659735,621.12,24700.773359,46.69333338185255,218.21981324664878,0.0,0.5689981096408318,2.6869072603670103,,0.5444234404536862,28.0,Fear
2025-03-09,1422,10419697.99,7327.495070323488,1099.52,19773.457395,13.905384947257385,83.14231057374892,0.0,0.4409282700421941,2.83100613076735,,0.6659634317862166,27.0,Fear
2025-03-10,2911,16811790.68,5775.263029886637,907.26,-10010.027269999999,-3.438690233596702,598.2310344559482,-1.6495715,0.39745791824115423,4.373800173886039,,0.539333562349708,20.0,Fear
2025-03-11,3286,14016952.09,4265.657970176507,580.875,-76880.729036,-23.3964482763238,284.15739785646804,-88.89237175,0.18746195982958003,3.4468356992045215,,0.6451612903225806,24.0,Fear
2025-03-12,3968,18618139.15,4692.071358366935,828.9200000000001,288105.984215,72.60735489289314,541.1021890156194,0.0,0.5645161290322581,4.947097799139576,,0.41507056451612906,34.0,Fear
2025-03-13,962,3285591.22,3415.375488565489,597.495,14114.870873,14.672422944906446,114.25301264822082,-0.007611749999999967,0.4573804573804574,3.2360533348291103,,0.4864864864864865,45.0,Neutral
2025-03-14,2210,8047187.16,3641.261158371041,499.77,68646.160089,31.061610899999998,241.26619975032932,0.0,0.8538461538461538,3.484762798449091,,0.1343891402714932,27.0,Fear
2025-03-15,261,2355749.54,9025.86030651341,1028.9,78694.624572,301.51197154022987,1437.1563922090597,-12.9995,0.5938697318007663,3.5894262856899584,,0.5900383141762452,46.0,Neutral
2025-03-16,530,10187921.51,19222.49341509434,1499.295,-7910.943544999999,-14.926308575471696,799.610022581558,-97.41829535000001,0.2320754716981132,5.436246696890801,,0.5735849056603773,30.0,Fear
2025-03-17,920,3592895.05,3905.320706521739,500.185,26163.906513,28.439028818478263,130.36244691738273,-2.7444694999999992,0.4532608695652174,2.9267864043764718,,0.525,32.0,Fear
2025-03-18,834,4050655.47,4856.901043165468,554.63,72322.788824,86.71797221103118,1190.357985851897,-1.1362789999999996,0.22541966426858512,3.491799940945786,,0.4088729016786571,34.0,Fear
2025-03-19,1612,4598813.57,2852.8620161290323,612.385,29374.682341,18.222507655707197,118.43599190620486,-0.7741936999999999,0.4162531017369727,3.4016810784990708,,0.34925558312655086,32.0,Fear
2025-03-20,771,1652257.93,2143.0063942931256,524.94,10246.859436,13.290349463035021,67.20472187875403,-9.321339,0.4085603112840467,2.6592871900558785,,0.3086900129701686,49.0,Neutral
2025-03-21,698,2543903.39,3644.560730659026,500.145,6951.270374,9.958840077363897,54.71326809694039,0.0,0.5,2.4235179656658516,,0.49570200573065903,31.0,Fear
2025-03-22,535,971809.42,1816.4662056074767,548.86,12498.535254,23.361748138317758,90.3328712770384,-21.48372769999998,0.4747663551401869,2.35599552752118,,0.41495327102803736,32.0,Fear
2025-03-23,447,2593519.67,5802.057427293064,504.08,14047.421585,31.425999071588368,157.7488368670644,0.0,0.32662192393736017,3.5253543718244797,,0.6487695749440716,30.0,Fear
2025-03-24,1027,3017587.05,2938.254186952288,505.85,107878.961301,105.04280555111977,1157.024782283737,0.0,0.6153846153846154,3.599246672183214,,0.2074001947419669,45.0,Neutral
2025-03-25,791,5372519.77,6792.060391908975,500.0,32030.90678,40.49419314791403,272.71532758680485,-40.03054,0.3615676359039191,3.769096558732779,,0.5335018963337548,46.0,Neutral
2025-03-26,3102,7597754.37,2449.30830754352,624.4449999999999,15802.167427,5.094186791424887,91.09493587755279,-48.849,0.27111540941328177,3.4779713288998804,,0.5074145712443585,47.0,Neutral
2025-03-27,785,3240279.46,4127.744535031847,660.7,58825.359221,74.9367633388535,315.07403347375833,0.0,0.33375796178343947,4.80613561844861,,0.6038216560509554,40.0,Fear
2025-03-28,728,1483092.61,2037.2151236263737,500.015,21337.179335,29.30931227335165,149.5584882417023,0.0,0.3173076923076923,2.7596810170001964,,0.7321428571428571,44.0,Fear
2025-03-29,1894,3668151.83,1936.7221911298839,499.89,12098.872931,6.38800049155227,148.35227843946458,-17.1085854,0.3558606124604013,3.065617932249884,,0.5263991552270327,26.0,Fear
2025-03-30,568,2850874.96,5019.146056338028,520.9,15795.11514,27.8083013028169,221.1953359721309,0.0,0.16549295774647887,4.832058388535397,,0.8415492957746479,32.0,Fear
2025-03-31,495,2164772.4699999997,4373.277717171717,482.8,6978.184557,14.097342539393939,323.1311708660487,-2.629605099999999,0.5232323232323233,4.012407363831969,,0.43232323232323233,34.0,Fear
2025-04-01,192,704445.1900000001,3668.9853645833336,500.015,-2202.6622420000003,-11.472199177083334,297.0927135926486,-292.74302159999996,0.4583333333333333,3.9486815869954976,,0.4791666666666667,34.0,Fear
2025-04-02,1076,3867930.6,3594.7310408921935,601.435,202212.740938,187.930056633829,783.0878201791388,0.0,0.8949814126394052,5.554640684946846,,0.11895910780669144,44.0,Fear
2025-04-03,1748,8670233.15,4960.087614416476,796.26,-2365.961276,-1.353524757437071,81.23364439225159,-0.8829538999999922,0.2974828375286041,6.865216035667856,,0.5469107551487414,25.0,Fear
2025-04-04,1272,3835545.73,3015.3661399371067,564.405,-25515.678949999998,-20.05949602987421,581.2639206142574,-39.9075,0.38757861635220126,3.7805494977252114,,0.3922955974842767,28.0,Fear
2025-04-05,360,1267564.22,3521.011722222222,616.0,35907.33771,99.74260475,333.05923440903956,0.0,0.5805555555555556,3.4107839571511787,,0.38333333333333336,30.0,Fear
2025-04-06,1048,3551252.06,3388.59929389313,784.05,47053.449272,44.89832945801527,464.3283247115555,0.0,0.31679389312977096,4.477025119765718,,0.6469465648854962,34.0,Fear
2025-04-07,2814,14460253.14,5138.682707889126,629.7349999999999,34527.370305,12.269854408315563,651.4553059500641,-108.1415334,0.23916133617626156,5.575153493865271,,0.5028429282160626,23.0,Fear
2025-04-08,943,8869391.4,9405.505196182397,944.26,34899.394798,37.00890222481442,299.82321782812363,-0.435232,0.4093319194061506,3.7864561446288314,,0.4559915164369035,24.0,Fear
2025-04-09,3967,28556806.47,7198.589984875221,888.6,43120.444797,10.86978694151752,768.8032668175019,-213.6172224,0.43055205444920597,6.102862546773838,,0.44466851525081924,18.0,Fear
2025-04-10,2127,28741953.29,13512.90704748472,999.97,158261.822261,74.40612236060178,528.5261250033769,-2.6753025,0.5289139633286318,9.251668073743874,,0.5345557122708039,39.0,Fear
2025-04-11,1096,11319327.07,10327.853166058394,650.835,126406.479081,115.33437872354014,1053.703425023061,-0.69366675,0.3357664233576642,5.770543184872955,,0.2846715328467153,25.0,Fear
2025-04-12,2109,55914617.49,26512.383826458037,1229.78,410419.694533,194.60393292223802,3804.4483148577447,-4.937633999999999,0.2721669037458511,10.003433991845368,,0.3793266951161688,43.0,Fear
2025-04-13,1321,14171154.79,10727.596358819075,500.24,48696.021521,36.86299888039364,312.0512492817143,-2.21595,0.3618470855412566,7.681281602763578,,0.5594246782740349,45.0,Neutral
2025-04-14,890,13079972.98,14696.598853932584,792.885,45680.443063,51.32634052022472,371.3131179694784,0.0,0.42247191011235957,8.287259225759941,,0.5808988764044943,31.0,Fear
2025-04-15,1131,20752168.24,18348.51303271441,1023.6,72357.706282,63.976751796640144,509.9926590211078,0.0,0.5720601237842617,6.783283115326565,,0.3041556145004421,38.0,Fear
2025-04-16,1608,36502715.9,22700.69396766169,1437.245,58631.730257,36.46251881654229,398.1610312928065,-19.895977199999994,0.3401741293532338,8.258135778925269,,0.5192786069651741,29.0,Fear
2025-04-17,1031,2604551.51,2526.238128031038,496.52,5427.919886,5.264713759456837,35.53346284252171,-0.30653600000000003,0.30358874878758485,3.0714509884235905,,0.33074684772065954,30.0,Fear
2025-04-18,1894,24610650.46,12994.007634635693,553.15,4880.4047439999995,2.576771248152059,859.4371749589807,0.0,0.5126715945089757,5.760044840616588,,0.3986272439281943,33.0,Fear
2025-04-19,2786,32706462.71,11739.577426417804,799.61,71950.577495,25.82576363783202,250.8012104737391,-0.79566225,0.2921751615218952,5.532271870229151,,0.35857860732232594,32.0,Fear
2025-04-20,1982,12126094.05,6118.110015136226,568.16,25060.341936,12.643966668012109,302.1540722308167,-3.334275399999999,0.3985872855701312,3.488861316140907,,0.5443995963673057,37.0,Fear
2025-04-21,1718,42104054.84,24507.598859138536,1053.6,34369.267906999994,20.005394590803256,542.9010428308851,-30.958132499999998,0.3940628637951106,8.623452664991746,,0.35157159487776485,39.0,Fear
2025-04-22,2998,33753625.24,11258.714222815212,526.82,58652.763578,19.563963835223483,373.4606094578802,-19.54216155,0.2961974649766511,5.839157901203619,,0.47364909939959976,47.0,Neutral
2025-04-23,6159,30682443.79,4981.72492125345,554.94,-419020.225731,-68.03380836678032,1461.7777309431785,-52.454688,0.324728040266277,4.540622769553879,,0.6848514369215781,72.0,Greed
2025-04-24,2232,35088918.64,15720.841684587815,930.085,50704.395965,22.717023281810036,155.5360185297309,-10.354105,0.4135304659498208,6.773687648482212,,0.5479390681003584,63.0,Greed
2025-04-25,1653,27749455.78,16787.32957047792,881.42,20218.859206,12.231614764670297,77.93985191492679,-0.09779479999999999,0.38596491228070173,7.524300584115099,,0.41197822141560797,60.0,Greed
2025-04-26,1131,11948127.77,10564.215534924844,338.06,-4125.753942,-3.6478814694960215,52.04454647609949,-21.882449,0.1724137931034483,4.3087349974241995,,0.5340406719717065,65.0,Greed
2025-04-27,337,487537.69,1446.6993768545994,471.96,2702.067468,8.018004356083086,45.32483984864426,-3.1087863999999996,0.3560830860534125,2.8057551207958182,,0.6201780415430267,61.0,Greed
2025-04-28,1379,26124921.49,18944.83066715011,969.86,36906.813759,26.763461754169686,381.983103446108,-32.98702,0.4169688179840464,7.142664447399444,,0.47280638143582304,54.0,Neutral
2025-04-29,2243,34089511.66,15198.177289344627,981.95,125749.613427,56.06313572313866,420.73601102444695,0.0,0.43201069995541685,6.270593249530818,,0.49264378065091396,60.0,Greed
2025-04-30,1113,12693878.85,11405.10229110512,906.62,14003.797269,12.582028094339623,64.65423825477585,0.0,0.26504941599281223,4.469851084503823,,0.7529200359389039,56.0,Greed
2025-05-01,1230,10720240.52,8715.642699186992,799.85,54536.829297000004,44.338885607317074,972.822640253054,-104.98196474999995,0.43089430894308944,5.113674101761286,,0.5577235772357724,53.0,Neutral
